fuente,resultado,grupo,n,pred,freq,wilson_lo,wilson_hi,ece,ece_lo,ece_hi,ece_esperado,esperado_lo,esperado_hi,sobre_ruido,n_total
logistica,local,1,442,0.257159,0.260181,0.22147,0.303025,0.010776,0.009834,0.034161,0.018027,0.008891,0.029329,False,2651
logistica,local,2,442,0.352169,0.346154,0.303299,0.39166,0.010776,0.009834,0.034161,0.018027,0.008891,0.029329,False,2651
logistica,local,3,441,0.415157,0.442177,0.396521,0.488832,0.010776,0.009834,0.034161,0.018027,0.008891,0.029329,False,2651
logistica,local,4,442,0.476459,0.4819,0.435674,0.528439,0.010776,0.009834,0.034161,0.018027,0.008891,0.029329,False,2651
logistica,local,5,442,0.544848,0.565611,0.519031,0.61106,0.010776,0.009834,0.034161,0.018027,0.008891,0.029329,False,2651
logistica,local,6,442,0.642701,0.640271,0.594498,0.683628,0.010776,0.009834,0.034161,0.018027,0.008891,0.029329,False,2651
logistica,visitante,1,442,0.13674,0.133484,0.104915,0.168369,0.009823,0.00909,0.032335,0.016521,0.007594,0.027445,False,2651
logistica,visitante,2,442,0.197073,0.228507,0.191801,0.269891,0.009823,0.00909,0.032335,0.016521,0.007594,0.027445,False,2651
logistica,visitante,3,441,0.247069,0.24263,0.204955,0.284751,0.009823,0.00909,0.032335,0.016521,0.007594,0.027445,False,2651
logistica,visitante,4,442,0.294413,0.289593,0.249264,0.333548,0.009823,0.00909,0.032335,0.016521,0.007594,0.027445,False,2651
logistica,visitante,5,442,0.350351,0.361991,0.318555,0.407806,0.009823,0.00909,0.032335,0.016521,0.007594,0.027445,False,2651
logistica,visitante,6,442,0.44915,0.452489,0.406694,0.499102,0.009823,0.00909,0.032335,0.016521,0.007594,0.027445,False,2651
mercado,local,1,442,0.251618,0.21267,0.177081,0.25321,0.032389,0.02002,0.050033,0.018079,0.008181,0.03019,True,2651
mercado,local,2,442,0.338019,0.323529,0.281598,0.368502,0.032389,0.02002,0.050033,0.018079,0.008181,0.03019,True,2651
mercado,local,3,441,0.403896,0.433107,0.387634,0.479735,0.032389,0.02002,0.050033,0.018079,0.008181,0.03019,True,2651
mercado,local,4,442,0.463466,0.497738,0.451345,0.544169,0.032389,0.02002,0.050033,0.018079,0.008181,0.03019,True,2651
mercado,local,5,442,0.539303,0.576923,0.530395,0.622125,0.032389,0.02002,0.050033,0.018079,0.008181,0.03019,True,2651
mercado,local,6,442,0.652522,0.692308,0.647776,0.733525,0.032389,0.02002,0.050033,0.018079,0.008181,0.03019,True,2651
mercado,visitante,1,442,0.139678,0.117647,0.090853,0.15103,0.022128,0.013946,0.040667,0.016722,0.0075,0.027203,False,2651
mercado,visitante,2,442,0.20622,0.171946,0.139632,0.209912,0.022128,0.013946,0.040667,0.016722,0.0075,0.027203,False,2651
mercado,visitante,3,441,0.260312,0.229025,0.192246,0.270485,0.022128,0.013946,0.040667,0.016722,0.0075,0.027203,False,2651
mercado,visitante,4,442,0.308285,0.323529,0.281598,0.368502,0.022128,0.013946,0.040667,0.016722,0.0075,0.027203,False,2651
mercado,visitante,5,442,0.371966,0.393665,0.349221,0.439942,0.022128,0.013946,0.040667,0.016722,0.0075,0.027203,False,2651
mercado,visitante,6,442,0.481105,0.472851,0.42674,0.519429,0.022128,0.013946,0.040667,0.016722,0.0075,0.027203,False,2651
