equipo,nombre,siglas,apodo,ciudad_estado,estadio,fundacion,color1,color2,color3,palmares,escudo
Atl. San Luis,Atlético de San Luis,ADSL,Tuneros,"San Luis Potosí, San Luis Potosí",Estadio Alfonso Lastras Ramírez,28 de Mayo de 2013,#AF7100,#2A2E51,,"Ascenso MX (2), Campeón de Ascenso (1)",adsl.png
Atlante,Atlante,ATL,Potros de Hierro,"Ciudad de México, CDMX",Estadio Azteca,8 de diciembre de 1918,#111231,#5A0000,,"Primera División de México (3), Copa México (2), Campeón de Campeones (1), Liga de Expansión MX (3), Campeón de Campeones de la Liga de Expansión (1), Segunda División de México (2), Liga de Campeones de la Concacaf (2)",atl.png
Atlas,Atlas,ATS,Zorros,"Guadalajara, Jalisco",Estadio Jalisco,15 de agosto de 1916,#EC1C24,#231F20,,"Primera División de México (3), Copa México (4), Campeón de Campeones (5)",ats.png
Chiapas,Chiapas,CHI,Jaguares,"Tuxtla Gutiérrez, Chiapas",Estadio Víctor Manuel Reyna,27 de junio de 2002,#256B56,#EC732C,,Sin títulos,jag.png
Club America,Club América,AME,Águilas,"Ciudad de México, CDMX",Estadio Azteca,12 de octubre de 1916,#FFEB00,#003055,,"Primera División de México (16), Copa México (6), Campeón de Campeones (7), Supercopa de la Liga MX (1), Copa de Campeones de la Concacaf (7), Copa Interamericana (2), Copa de Gigantes de la Concacaf (1)",ame.png
Club Leon,Club León,LEO,Esmeraldas,"León, Guanajuato",Estadio León,31 de agosto de 1943,#187B56,#FFFFFF,,"Primera División de México (8), Copa México (5), Campeón de Campeones (5), Liga de Campeones de la Concacaf (1), Segunda División de México (1), Liga de Ascenso de México (4), Campeón de Ascenso (2), Leagues Cup (1)",leo.png
Club Tijuana,Club Tijuana,TIJ,Xolos,"Tijuana, Baja California",Estadio Caliente,14 de enero de 2007,#ED1B26,#161413,,"Primera División de México (1), Campeón de Ascenso (1)",tij.png
Cruz Azul,Cruz Azul,CAZ,Cementeros,"Ciudad de México, CDMX",Estadio Azteca,"22 de mayo de 1927 en Ciudad Jasso, Hidalgo",#001F60,#FFFFFF,,"Primera División de México (10), Copa México (4), Campeón de Campeones (4), Supercopa MX (1), Supercopa de la Liga MX (1), Liga de Campeones de la Concacaf (7)",caz.png
Dorados de Sinaloa,Dorados de Sinaloa,DOR,El Gran Pez,"Mazatlán, Sinaloa",Estadio El Encanto,"8 de agosto de 2003 en Culiacán, Sinaloa",#AA8317,#1A171B,,"Copa México (1), Campeón de Ascenso (2), Ascenso MX (4)",dor.png
Guadalajara Chivas,CD Guadalajara,GDL,Rebaño Sagrado,"Guadalajara, Jalisco",Estadio Akron,8 de mayo de 1906,#CE0E2D,#FFFFFF,#002856,"Primera División de México (12), Copa México (4), Campeón de Campeones (7), Supercopa de México (1), Liga de Campeones de la Concacaf (2)",chi.png
Juarez,Juárez,BRA,Bravos,"Ciudad Juárez, Chihuahua",Estadio Olímpico Benito Juárez,29 de mayo de 2015,#21CB35,#D9232E,#1F1D1C,Ascenso MX (1),bra.png
Leones Negros,Leones Negros,UDG,,"Guadalajara, Jalisco",Estadio Jalisco,1 de enero de 1970,#FFD41C,#ED1C24,#000000,"Copa México (1), Copa de Campeones de la Concacaf (1), Ascenso MX (1), Campeón de Ascenso (1), Liga de Expansión MX (1), Tercera División (1)",udg.png
Lobos BUAP,Lobos BUAP,BUAP,,"Puebla, Puebla",Estadio Olímpico de la BUAP,28 de mayo de 1967,#FFFFFF,#000000,#DC0C0C,"Ascenso MX (1), Campeón de Ascenso (1)",buap.png
Mazatlan FC,Mazatlán FC,MAZ,Cañoneros,"Mazatlán, Sinaloa",Estadio El Encanto,2 de junio de 2020,#533278,#FFFFFF,,Sin títulos,maz.png
Monarcas,Monarcas,MOR,Canarios,"Morelia, Michoacán",Estadio Morelos,4 de junio de 1950,#F1DB23,#DE1717,,"Primera División de México (1), Copa México (1), Supercopa de México (1), Liga de Expansión MX (1), Segunda División de México (1), Copa de la Segunda División (1), Campeón de Campeones de la Segunda División (1), SuperLiga Norteamericana (1)",mor.png
Monterrey,Monterrey,MTY,Rayados,"Monterrey, Nuevo León",Estadio BBVA,28 de junio de 1945,#0A2240,#FFFFFF,,"Primera División de México (5), Copa México (3), Liga de Campeones de la Concacaf (5), Recopa de la Concacaf (1), InterLiga (1), Segunda División de México (2), Campeón de Campeones de la Segunda División (1)",mty.png
Necaxa,Necaxa,NEC,Rayos,"Aguascalientes, Aguascalientes",Estadio Victoria,21 de agosto de 1923 en Ciudad de México,#E1001E,#FFFFFF,,"Primera División de México (3), Copa México (4), Campeón de Campeones (2), Supercopa de México (1), Liga de Campeones de la Concacaf (1), Recopa de la Concacaf (1), Ascenso MX (4), Campeón de Ascenso (2), InterLiga (1)",nec.png
Pachuca,Pachuca,PAC,Tuzos,"Pachuca, Hidalgo",Estadio Hidalgo,1 de noviembre de 1892,#FFFFFF,#162577,,"Primera División de México (7), Liga de Campeones de la Concacaf (6), Copa Sudamericana (1), Copa Challenger de la FIFA (1), Derbi de las Américas de la FIFA (1), SuperLiga Norteamericana (1), Liga de Ascenso (1), Campeón de Ascenso (1)",pac.png
Puebla,Puebla,PUE,La Franja,"Puebla, Puebla",Estadio Cuauhtémoc,7 de mayo de 1944,#FFFFFF,#2B4B75,,"Primera División de México (2), Copa México (5), Campeón de Campeones (1), Supercopa MX (1), Copa de Campeones de la Concacaf (1), Liga de Ascenso (2), Campeón de Ascenso (1)",pue.png
Queretaro,Querétaro,QRO,Gallos Blancos,"Querétaro, Querétaro",Estadio Corregidora,8 de julio de 1950,#FFFFFF,#211915,#0056B3,"Copa México (1), Supercopa de México (1), Liga de Ascenso (3), Campeón de Ascenso (2)",qro.png
Santos Laguna,Santos Laguna,SAN,Guerreros,"Torreón, Coahuila",Estadio Corona,4 de septiembre de 1983,#008066,#FFFFFF,,"Primera División de México (6), Copa México (1), Campeón de Campeones (1), Tercera División (1), Campeón de Campeones de la Tercera División (1)",san.png
Tigres UANL,Tigres UANL,UANL,Tigres,"San Nicolás de los Garza, Nuevo León",Estadio Universitario,7 de marzo de 1960 en Monterrey,#FBAF35,#015DAA,,"Primera División de México (8), Copa México (3), Campeón de Campeones (4), Liga de Campeones de la Concacaf (1), Campeones Cup (2), Liga de Ascenso (2), Campeón de Ascenso (1), Segunda División de México (1)",uanl.png
Toluca,Toluca,TOL,Diablos Rojos,"Toluca, Estado de México",Estadio Nemesio Díez,12 de febrero de 1917,#D53741,#FFFFFF,,"Primera División de México (12), Copa México (2), Campeón de Campeones (5), Liga de Campeones de la Concacaf (3), Campeones Cup (1), Leagues Cup (1), Segunda División de México (1)",tol.png
UNAM Pumas,Pumas UNAM,UNAM,Auriazules,"Ciudad de México, CDMX",Estadio Olímpico Universitario,2 de agosto de 1954,#132347,#CBAB58,,"Primera División de México (7), Copa México (1), Campeón de Campeones (2), Copa de Campeones de la Concacaf (3), Copa Interamericana (1), Segunda División de México (1)",unam.png
Veracruz,Veracruz,VER,Tiburones Rojos,"Veracruz, Veracruz","Estadio Luis ""Pirata"" Fuente",9 de abril de 1943,#E11C1A,#182B80,,"Primera División de México (2), Copa México (2), Campeón de Campeones (1), Liga de Ascenso (1)",ver.png
